Month,Average Length of Stay,Number of Reservations
April,3.33511859219587,6535
August,3.93210667287761,8587
December,3.07670979667283,4328
February,2.96822711035909,5319
January,2.78290766208251,4072
July,3.92881701260665,7853
June,3.63526266121422,6358
March,3.31423795775718,6581
May,3.35531552018192,7036
November,3.20186875271621,4602
October,3.19531135531136,6825
September,3.60103708359522,6364
